geo_code_id,fips_code,geo_name,geo_abbreviation,geographic_level
1,01,alabama,al,state
2,02,alaska,ak,state
3,04,arizona,az,state
4,05,arkansas,ar,state
5,06,california,ca,state
6,08,colorado,co,state
7,09,connecticut,ct,state
8,10,delaware,de,state
9,11,district of columbia,dc,state
10,12,florida,fl,state
11,13,georgia,ga,state
12,15,hawaii,hi,state
13,16,idaho,id,state
14,17,illinois,il,state
15,18,indiana,in,state
16,19,iowa,ia,state
17,20,kansas,ks,state
18,21,kentucky,ky,state
19,22,louisiana,la,state
20,23,maine,me,state
21,24,maryland,md,state
22,25,massachusetts,ma,state
23,26,michigan,mi,state
24,27,minnesota,mn,state
25,28,mississippi,ms,state
26,29,missouri,mo,state
27,30,montana,mt,state
28,31,nebraska,ne,state
29,32,nevada,nv,state
30,33,new hampshire,nh,state
31,34,new jersey,nj,state
32,35,new mexico,nm,state
33,36,new york,ny,state
34,37,north carolina,nc,state
35,38,north dakota,nd,state
36,39,ohio,oh,state
37,40,oklahoma,ok,state
38,41,oregon,or,state
39,42,pennsylvania,pa,state
40,44,rhode island,ri,state
41,45,south carolina,sc,state
42,46,south dakota,sd,state
43,47,tennessee,tn,state
44,48,texas,tx,state
45,49,utah,ut,state
46,50,vermont,vt,state
47,51,virginia,va,state
48,53,washington,wa,state
49,54,west virginia,wv,state
50,55,wisconsin,wi,state
51,56,wyoming,wy,state
52,60,american samoa,as,state
53,66,guam,gu,state
54,72,puerto rico,pr,state
55,78,virgin islands,vi,state
56,01001,autauga,,county
57,01003,baldwin,,county
58,01005,barbour,,county
59,01007,bibb,,county
60,01009,blount,,county
61,01011,bullock,,county
62,01013,butler,,county
63,01015,calhoun,,county
64,01017,chambers,,county
65,01019,cherokee,,county
66,01021,chilton,,county
67,01023,choctaw,,county
68,01025,clarke,,county
69,01027,clay,,county
70,01029,cleburne,,county
71,01031,coffee,,county
72,01033,colbert,,county
73,01035,conecuh,,county
74,01037,coosa,,county
75,01039,covington,,county
76,01041,crenshaw,,county
77,01043,cullman,,county
78,01045,dale,,county
79,01047,dallas,,county
80,01049,de kalb,,county
81,01051,elmore,,county
82,01053,escambia,,county
83,01055,etowah,,county
84,01057,fayette,,county
85,01059,franklin,,county
86,01061,geneva,,county
87,01063,greene,,county
88,01065,hale,,county
89,01067,henry,,county
90,01069,houston,,county
91,01071,jackson,,county
92,01073,jefferson,,county
93,01075,lamar,,county
94,01077,lauderdale,,county
95,01079,lawrence,,county
96,01081,lee,,county
97,01083,limestone,,county
98,01085,lowndes,,county
99,01087,macon,,county
100,01089,madison,,county
101,01091,marengo,,county
102,01093,marion,,county
103,01095,marshall,,county
104,01097,mobile,,county
105,01099,monroe,,county
106,01101,montgomery,,county
107,01103,morgan,,county
108,01105,perry,,county
109,01107,pickens,,county
110,01109,pike,,county
111,01111,randolph,,county
112,01113,russell,,county
113,01115,st clair,,county
114,01117,shelby,,county
115,01119,sumter,,county
116,01121,talladega,,county
117,01123,tallapoosa,,county
118,01125,tuscaloosa,,county
119,01127,walker,,county
120,01129,washington,,county
121,01131,wilcox,,county
122,01133,winston,,county
123,02013,aleutians east,,county
124,02016,aleutians west,,county
125,02020,anchorage,,county
126,02050,bethel,,county
127,02060,bristol bay,,county
128,02068,denali,,county
129,02070,dillingham,,county
130,02090,fairbanks north star,,county
131,02100,haines,,county
132,02110,juneau,,county
133,02122,kenai peninsula,,county
134,02130,ketchikan gateway,,county
135,02150,kodiak island,,county
136,02164,lake and peninsula,,county
137,02170,matanuska-susitna,,county
138,02180,nome,,county
139,02185,north slope,,county
140,02188,northwest arctic,,county
141,02201,prince of wales-outer ketchikan,,county
142,02220,sitka,,county
143,02232,skagway-hoonah-angoon,,county
144,02240,southeast fairbanks,,county
145,02261,valdez-cordova,,county
146,02270,wade hampton,,county
147,02280,wrangell-petersburg,,county
148,02282,yakutat,,county
149,02290,yukon-koyukuk,,county
150,04001,apache,,county
151,04003,cochise,,county
152,04005,coconino,,county
153,04007,gila,,county
154,04009,graham,,county
155,04011,greenlee,,county
156,04012,la paz,,county
157,04013,maricopa,,county
158,04015,mohave,,county
159,04017,navajo,,county
160,04019,pima,,county
161,04021,pinal,,county
162,04023,santa cruz,,county
163,04025,yavapai,,county
164,04027,yuma,,county
165,05001,arkansas,,county
166,05003,ashley,,county
167,05005,baxter,,county
168,05007,benton,,county
169,05009,boone,,county
170,05011,bradley,,county
171,05013,calhoun,,county
172,05015,carroll,,county
173,05017,chicot,,county
174,05019,clark,,county
175,05021,clay,,county
176,05023,cleburne,,county
177,05025,cleveland,,county
178,05027,columbia,,county
179,05029,conway,,county
180,05031,craighead,,county
181,05033,crawford,,county
182,05035,crittenden,,county
183,05037,cross,,county
184,05039,dallas,,county
185,05041,desha,,county
186,05043,drew,,county
187,05045,faulkner,,county
188,05047,franklin,,county
189,05049,fulton,,county
190,05051,garland,,county
191,05053,grant,,county
192,05055,greene,,county
193,05057,hempstead,,county
194,05059,hot spring,,county
195,05061,howard,,county
196,05063,independence,,county
197,05065,izard,,county
198,05067,jackson,,county
199,05069,jefferson,,county
200,05071,johnson,,county
201,05073,lafayette,,county
202,05075,lawrence,,county
203,05077,lee,,county
204,05079,lincoln,,county
205,05081,little river,,county
206,05083,logan,,county
207,05085,lonoke,,county
208,05087,madison,,county
209,05089,marion,,county
210,05091,miller,,county
211,05093,mississippi,,county
212,05095,monroe,,county
213,05097,montgomery,,county
214,05099,nevada,,county
215,05101,newton,,county
216,05103,ouachita,,county
217,05105,perry,,county
218,05107,phillips,,county
219,05109,pike,,county
220,05111,poinsett,,county
221,05113,polk,,county
222,05115,pope,,county
223,05117,prairie,,county
224,05119,pulaski,,county
225,05121,randolph,,county
226,05123,st francis,,county
227,05125,saline,,county
228,05127,scott,,county
229,05129,searcy,,county
230,05131,sebastian,,county
231,05133,sevier,,county
232,05135,sharp,,county
233,05137,stone,,county
234,05139,union,,county
235,05141,van buren,,county
236,05143,washington,,county
237,05145,white,,county
238,05147,woodruff,,county
239,05149,yell,,county
240,06001,alameda,,county
241,06003,alpine,,county
242,06005,amador,,county
243,06007,butte,,county
244,06009,calaveras,,county
245,06011,colusa,,county
246,06013,contra costa,,county
247,06015,del norte,,county
248,06017,el dorado,,county
249,06019,fresno,,county
250,06021,glenn,,county
251,06023,humboldt,,county
252,06025,imperial,,county
253,06027,inyo,,county
254,06029,kern,,county
255,06031,kings,,county
256,06033,lake,,county
257,06035,lassen,,county
258,06037,los angeles,,county
259,06039,madera,,county
260,06041,marin,,county
261,06043,mariposa,,county
262,06045,mendocino,,county
263,06047,merced,,county
264,06049,modoc,,county
265,06051,mono,,county
266,06053,monterey,,county
267,06055,napa,,county
268,06057,nevada,,county
269,06059,orange,,county
270,06061,placer,,county
271,06063,plumas,,county
272,06065,riverside,,county
273,06067,sacramento,,county
274,06069,san benito,,county
275,06071,san bernardino,,county
276,06073,san diego,,county
277,06075,san francisco,,county
278,06077,san joaquin,,county
279,06079,san luis obispo,,county
280,06081,san mateo,,county
281,06083,santa barbara,,county
282,06085,santa clara,,county
283,06087,santa cruz,,county
284,06089,shasta,,county
285,06091,sierra,,county
286,06093,siskiyou,,county
287,06095,solano,,county
288,06097,sonoma,,county
289,06099,stanislaus,,county
290,06101,sutter,,county
291,06103,tehama,,county
292,06105,trinity,,county
293,06107,tulare,,county
294,06109,tuolumne,,county
295,06111,ventura,,county
296,06113,yolo,,county
297,06115,yuba,,county
298,08001,adams,,county
299,08003,alamosa,,county
300,08005,arapahoe,,county
301,08007,archuleta,,county
302,08009,baca,,county
303,08011,bent,,county
304,08013,boulder,,county
305,08015,chaffee,,county
306,08017,cheyenne,,county
307,08019,clear creek,,county
308,08021,conejos,,county
309,08023,costilla,,county
310,08025,crowley,,county
311,08027,custer,,county
312,08029,delta,,county
313,08031,denver,,county
314,08033,dolores,,county
315,08035,douglas,,county
316,08037,eagle,,county
317,08039,elbert,,county
318,08041,el paso,,county
319,08043,fremont,,county
320,08045,garfield,,county
321,08047,gilpin,,county
322,08049,grand,,county
323,08051,gunnison,,county
324,08053,hinsdale,,county
325,08055,huerfano,,county
326,08057,jackson,,county
327,08059,jefferson,,county
328,08061,kiowa,,county
329,08063,kit carson,,county
330,08065,lake,,county
331,08067,la plata,,county
332,08069,larimer,,county
333,08071,las animas,,county
334,08073,lincoln,,county
335,08075,logan,,county
336,08077,mesa,,county
337,08079,mineral,,county
338,08081,moffat,,county
339,08083,montezuma,,county
340,08085,montrose,,county
341,08087,morgan,,county
342,08089,otero,,county
343,08091,ouray,,county
344,08093,park,,county
345,08095,phillips,,county
346,08097,pitkin,,county
347,08099,prowers,,county
348,08101,pueblo,,county
349,08103,rio blanco,,county
350,08105,rio grande,,county
351,08107,routt,,county
352,08109,saguache,,county
353,08111,san juan,,county
354,08113,san miguel,,county
355,08115,sedgwick,,county
356,08117,summit,,county
357,08119,teller,,county
358,08121,washington,,county
359,08123,weld,,county
360,08125,yuma,,county
361,09001,fairfield,,county
362,09003,hartford,,county
363,09005,litchfield,,county
364,09007,middlesex,,county
365,09009,new haven,,county
366,09011,new london,,county
367,09013,tolland,,county
368,09015,windham,,county
369,10001,kent,,county
370,10003,new castle,,county
371,10005,sussex,,county
372,11001,washington,,county
373,12001,alachua,,county
374,12003,baker,,county
375,12005,bay,,county
376,12007,bradford,,county
377,12009,brevard,,county
378,12011,broward,,county
379,12013,calhoun,,county
380,12015,charlotte,,county
381,12017,citrus,,county
382,12019,clay,,county
383,12021,collier,,county
384,12023,columbia,,county
385,12025,dade,,county
386,12027,de soto,,county
387,12029,dixie,,county
388,12031,duval,,county
389,12033,escambia,,county
390,12035,flagler,,county
391,12037,franklin,,county
392,12039,gadsden,,county
393,12041,gilchrist,,county
394,12043,glades,,county
395,12045,gulf,,county
396,12047,hamilton,,county
397,12049,hardee,,county
398,12051,hendry,,county
399,12053,hernando,,county
400,12055,highlands,,county
401,12057,hillsborough,,county
402,12059,holmes,,county
403,12061,indian river,,county
404,12063,jackson,,county
405,12065,jefferson,,county
406,12067,lafayette,,county
407,12069,lake,,county
408,12071,lee,,county
409,12073,leon,,county
410,12075,levy,,county
411,12077,liberty,,county
412,12079,madison,,county
413,12081,manatee,,county
414,12083,marion,,county
415,12085,martin,,county
416,12087,monroe,,county
417,12089,nassau,,county
418,12091,okaloosa,,county
419,12093,okeechobee,,county
420,12095,orange,,county
421,12097,osceola,,county
422,12099,palm beach,,county
423,12101,pasco,,county
424,12103,pinellas,,county
425,12105,polk,,county
426,12107,putnam,,county
427,12109,st johns,,county
428,12111,st lucie,,county
429,12113,santa rosa,,county
430,12115,sarasota,,county
431,12117,seminole,,county
432,12119,sumter,,county
433,12121,suwannee,,county
434,12123,taylor,,county
435,12125,union,,county
436,12127,volusia,,county
437,12129,wakulla,,county
438,12131,walton,,county
439,12133,washington,,county
440,13001,appling,,county
441,13003,atkinson,,county
442,13005,bacon,,county
443,13007,baker,,county
444,13009,baldwin,,county
445,13011,banks,,county
446,13013,barrow,,county
447,13015,bartow,,county
448,13017,ben hill,,county
449,13019,berrien,,county
450,13021,bibb,,county
451,13023,bleckley,,county
452,13025,brantley,,county
453,13027,brooks,,county
454,13029,bryan,,county
455,13031,bulloch,,county
456,13033,burke,,county
457,13035,butts,,county
458,13037,calhoun,,county
459,13039,camden,,county
460,13043,candler,,county
461,13045,carroll,,county
462,13047,catoosa,,county
463,13049,charlton,,county
464,13051,chatham,,county
465,13053,chattahoochee,,county
466,13055,chattooga,,county
467,13057,cherokee,,county
468,13059,clarke,,county
469,13061,clay,,county
470,13063,clayton,,county
471,13065,clinch,,county
472,13067,cobb,,county
473,13069,coffee,,county
474,13071,colquitt,,county
475,13073,columbia,,county
476,13075,cook,,county
477,13077,coweta,,county
478,13079,crawford,,county
479,13081,crisp,,county
480,13083,dade,,county
481,13085,dawson,,county
482,13087,decatur,,county
483,13089,de kalb,,county
484,13091,dodge,,county
485,13093,dooly,,county
486,13095,dougherty,,county
487,13097,douglas,,county
488,13099,early,,county
489,13101,echols,,county
490,13103,effingham,,county
491,13105,elbert,,county
492,13107,emanuel,,county
493,13109,evans,,county
494,13111,fannin,,county
495,13113,fayette,,county
496,13115,floyd,,county
497,13117,forsyth,,county
498,13119,franklin,,county
499,13121,fulton,,county
500,13123,gilmer,,county
501,13125,glascock,,county
502,13127,glynn,,county
503,13129,gordon,,county
504,13131,grady,,county
505,13133,greene,,county
506,13135,gwinnett,,county
507,13137,habersham,,county
508,13139,hall,,county
509,13141,hancock,,county
510,13143,haralson,,county
511,13145,harris,,county
512,13147,hart,,county
513,13149,heard,,county
514,13151,henry,,county
515,13153,houston,,county
516,13155,irwin,,county
517,13157,jackson,,county
518,13159,jasper,,county
519,13161,jeff davis,,county
520,13163,jefferson,,county
521,13165,jenkins,,county
522,13167,johnson,,county
523,13169,jones,,county
524,13171,lamar,,county
525,13173,lanier,,county
526,13175,laurens,,county
527,13177,lee,,county
528,13179,liberty,,county
529,13181,lincoln,,county
530,13183,long,,county
531,13185,lowndes,,county
532,13187,lumpkin,,county
533,13189,mcduffie,,county
534,13191,mcintosh,,county
535,13193,macon,,county
536,13195,madison,,county
537,13197,marion,,county
538,13199,meriwether,,county
539,13201,miller,,county
540,13205,mitchell,,county
541,13207,monroe,,county
542,13209,montgomery,,county
543,13211,morgan,,county
544,13213,murray,,county
545,13215,muscogee,,county
546,13217,newton,,county
547,13219,oconee,,county
548,13221,oglethorpe,,county
549,13223,paulding,,county
550,13225,peach,,county
551,13227,pickens,,county
552,13229,pierce,,county
553,13231,pike,,county
554,13233,polk,,county
555,13235,pulaski,,county
556,13237,putnam,,county
557,13239,quitman,,county
558,13241,rabun,,county
559,13243,randolph,,county
560,13245,richmond,,county
561,13247,rockdale,,county
562,13249,schley,,county
563,13251,screven,,county
564,13253,seminole,,county
565,13255,spalding,,county
566,13257,stephens,,county
567,13259,stewart,,county
568,13261,sumter,,county
569,13263,talbot,,county
570,13265,taliaferro,,county
571,13267,tattnall,,county
572,13269,taylor,,county
573,13271,telfair,,county
574,13273,terrell,,county
575,13275,thomas,,county
576,13277,tift,,county
577,13279,toombs,,county
578,13281,towns,,county
579,13283,treutlen,,county
580,13285,troup,,county
581,13287,turner,,county
582,13289,twiggs,,county
583,13291,union,,county
584,13293,upson,,county
585,13295,walker,,county
586,13297,walton,,county
587,13299,ware,,county
588,13301,warren,,county
589,13303,washington,,county
590,13305,wayne,,county
591,13307,webster,,county
592,13309,wheeler,,county
593,13311,white,,county
594,13313,whitfield,,county
595,13315,wilcox,,county
596,13317,wilkes,,county
597,13319,wilkinson,,county
598,13321,worth,,county
599,15001,hawaii,,county
600,15003,honolulu,,county
601,15007,kauai,,county
602,15009,maui,,county
603,16001,ada,,county
604,16003,adams,,county
605,16005,bannock,,county
606,16007,bear lake,,county
607,16009,benewah,,county
608,16011,bingham,,county
609,16013,blaine,,county
610,16015,boise,,county
611,16017,bonner,,county
612,16019,bonneville,,county
613,16021,boundary,,county
614,16023,butte,,county
615,16025,camas,,county
616,16027,canyon,,county
617,16029,caribou,,county
618,16031,cassia,,county
619,16033,clark,,county
620,16035,clearwater,,county
621,16037,custer,,county
622,16039,elmore,,county
623,16041,franklin,,county
624,16043,fremont,,county
625,16045,gem,,county
626,16047,gooding,,county
627,16049,idaho,,county
628,16051,jefferson,,county
629,16053,jerome,,county
630,16055,kootenai,,county
631,16057,latah,,county
632,16059,lemhi,,county
633,16061,lewis,,county
634,16063,lincoln,,county
635,16065,madison,,county
636,16067,minidoka,,county
637,16069,nez perce,,county
638,16071,oneida,,county
639,16073,owyhee,,county
640,16075,payette,,county
641,16077,power,,county
642,16079,shoshone,,county
643,16081,teton,,county
644,16083,twin falls,,county
645,16085,valley,,county
646,16087,washington,,county
647,17001,adams,,county
648,17003,alexander,,county
649,17005,bond,,county
650,17007,boone,,county
651,17009,brown,,county
652,17011,bureau,,county
653,17013,calhoun,,county
654,17015,carroll,,county
655,17017,cass,,county
656,17019,champaign,,county
657,17021,christian,,county
658,17023,clark,,county
659,17025,clay,,county
660,17027,clinton,,county
661,17029,coles,,county
662,17031,cook,,county
663,17033,crawford,,county
664,17035,cumberland,,county
665,17037,de kalb,,county
666,17039,de witt,,county
667,17041,douglas,,county
668,17043,du page,,county
669,17045,edgar,,county
670,17047,edwards,,county
671,17049,effingham,,county
672,17051,fayette,,county
673,17053,ford,,county
674,17055,franklin,,county
675,17057,fulton,,county
676,17059,gallatin,,county
677,17061,greene,,county
678,17063,grundy,,county
679,17065,hamilton,,county
680,17067,hancock,,county
681,17069,hardin,,county
682,17071,henderson,,county
683,17073,henry,,county
684,17075,iroquois,,county
685,17077,jackson,,county
686,17079,jasper,,county
687,17081,jefferson,,county
688,17083,jersey,,county
689,17085,jo daviess,,county
690,17087,johnson,,county
691,17089,kane,,county
692,17091,kankakee,,county
693,17093,kendall,,county
694,17095,knox,,county
695,17097,lake,,county
696,17099,la salle,,county
697,17101,lawrence,,county
698,17103,lee,,county
699,17105,livingston,,county
700,17107,logan,,county
701,17109,mcdonough,,county
702,17111,mchenry,,county
703,17113,mclean,,county
704,17115,macon,,county
705,17117,macoupin,,county
706,17119,madison,,county
707,17121,marion,,county
708,17123,marshall,,county
709,17125,mason,,county
710,17127,massac,,county
711,17129,menard,,county
712,17131,mercer,,county
713,17133,monroe,,county
714,17135,montgomery,,county
715,17137,morgan,,county
716,17139,moultrie,,county
717,17141,ogle,,county
718,17143,peoria,,county
719,17145,perry,,county
720,17147,piatt,,county
721,17149,pike,,county
722,17151,pope,,county
723,17153,pulaski,,county
724,17155,putnam,,county
725,17157,randolph,,county
726,17159,richland,,county
727,17161,rock island,,county
728,17163,st clair,,county
729,17165,saline,,county
730,17167,sangamon,,county
731,17169,schuyler,,county
732,17171,scott,,county
733,17173,shelby,,county
734,17175,stark,,county
735,17177,stephenson,,county
736,17179,tazewell,,county
737,17181,union,,county
738,17183,vermilion,,county
739,17185,wabash,,county
740,17187,warren,,county
741,17189,washington,,county
742,17191,wayne,,county
743,17193,white,,county
744,17195,whiteside,,county
745,17197,will,,county
746,17199,williamson,,county
747,17201,winnebago,,county
748,17203,woodford,,county
749,18001,adams,,county
750,18003,allen,,county
751,18005,bartholomew,,county
752,18007,benton,,county
753,18009,blackford,,county
754,18011,boone,,county
755,18013,brown,,county
756,18015,carroll,,county
757,18017,cass,,county
758,18019,clark,,county
759,18021,clay,,county
760,18023,clinton,,county
761,18025,crawford,,county
762,18027,daviess,,county
763,18029,dearborn,,county
764,18031,decatur,,county
765,18033,de kalb,,county
766,18035,delaware,,county
767,18037,dubois,,county
768,18039,elkhart,,county
769,18041,fayette,,county
770,18043,floyd,,county
771,18045,fountain,,county
772,18047,franklin,,county
773,18049,fulton,,county
774,18051,gibson,,county
775,18053,grant,,county
776,18055,greene,,county
777,18057,hamilton,,county
778,18059,hancock,,county
779,18061,harrison,,county
780,18063,hendricks,,county
781,18065,henry,,county
782,18067,howard,,county
783,18069,huntington,,county
784,18071,jackson,,county
785,18073,jasper,,county
786,18075,jay,,county
787,18077,jefferson,,county
788,18079,jennings,,county
789,18081,johnson,,county
790,18083,knox,,county
791,18085,kosciusko,,county
792,18087,la grange,,county
793,18089,lake,,county
794,18091,la porte,,county
795,18093,lawrence,,county
796,18095,madison,,county
797,18097,marion,,county
798,18099,marshall,,county
799,18101,martin,,county
800,18103,miami,,county
801,18105,monroe,,county
802,18107,montgomery,,county
803,18109,morgan,,county
804,18111,newton,,county
805,18113,noble,,county
806,18115,ohio,,county
807,18117,orange,,county
808,18119,owen,,county
809,18121,parke,,county
810,18123,perry,,county
811,18125,pike,,county
812,18127,porter,,county
813,18129,posey,,county
814,18131,pulaski,,county
815,18133,putnam,,county
816,18135,randolph,,county
817,18137,ripley,,county
818,18139,rush,,county
819,18141,st joseph,,county
820,18143,scott,,county
821,18145,shelby,,county
822,18147,spencer,,county
823,18149,starke,,county
824,18151,steuben,,county
825,18153,sullivan,,county
826,18155,switzerland,,county
827,18157,tippecanoe,,county
828,18159,tipton,,county
829,18161,union,,county
830,18163,vanderburgh,,county
831,18165,vermillion,,county
832,18167,vigo,,county
833,18169,wabash,,county
834,18171,warren,,county
835,18173,warrick,,county
836,18175,washington,,county
837,18177,wayne,,county
838,18179,wells,,county
839,18181,white,,county
840,18183,whitley,,county
841,19001,adair,,county
842,19003,adams,,county
843,19005,allamakee,,county
844,19007,appanoose,,county
845,19009,audubon,,county
846,19011,benton,,county
847,19013,black hawk,,county
848,19015,boone,,county
849,19017,bremer,,county
850,19019,buchanan,,county
851,19021,buena vista,,county
852,19023,butler,,county
853,19025,calhoun,,county
854,19027,carroll,,county
855,19029,cass,,county
856,19031,cedar,,county
857,19033,cerro gordo,,county
858,19035,cherokee,,county
859,19037,chickasaw,,county
860,19039,clarke,,county
861,19041,clay,,county
862,19043,clayton,,county
863,19045,clinton,,county
864,19047,crawford,,county
865,19049,dallas,,county
866,19051,davis,,county
867,19053,decatur,,county
868,19055,delaware,,county
869,19057,des moines,,county
870,19059,dickinson,,county
871,19061,dubuque,,county
872,19063,emmet,,county
873,19065,fayette,,county
874,19067,floyd,,county
875,19069,franklin,,county
876,19071,fremont,,county
877,19073,greene,,county
878,19075,grundy,,county
879,19077,guthrie,,county
880,19079,hamilton,,county
881,19081,hancock,,county
882,19083,hardin,,county
883,19085,harrison,,county
884,19087,henry,,county
885,19089,howard,,county
886,19091,humboldt,,county
887,19093,ida,,county
888,19095,iowa,,county
889,19097,jackson,,county
890,19099,jasper,,county
891,19101,jefferson,,county
892,19103,johnson,,county
893,19105,jones,,county
894,19107,keokuk,,county
895,19109,kossuth,,county
896,19111,lee,,county
897,19113,linn,,county
898,19115,louisa,,county
899,19117,lucas,,county
900,19119,lyon,,county
901,19121,madison,,county
902,19123,mahaska,,county
903,19125,marion,,county
904,19127,marshall,,county
905,19129,mills,,county
906,19131,mitchell,,county
907,19133,monona,,county
908,19135,monroe,,county
909,19137,montgomery,,county
910,19139,muscatine,,county
911,19141,o brien,,county
912,19143,osceola,,county
913,19145,page,,county
914,19147,palo alto,,county
915,19149,plymouth,,county
916,19151,pocahontas,,county
917,19153,polk,,county
918,19155,pottawattamie,,county
919,19157,poweshiek,,county
920,19159,ringgold,,county
921,19161,sac,,county
922,19163,scott,,county
923,19165,shelby,,county
924,19167,sioux,,county
925,19169,story,,county
926,19171,tama,,county
927,19173,taylor,,county
928,19175,union,,county
929,19177,van buren,,county
930,19179,wapello,,county
931,19181,warren,,county
932,19183,washington,,county
933,19185,wayne,,county
934,19187,webster,,county
935,19189,winnebago,,county
936,19191,winneshiek,,county
937,19193,woodbury,,county
938,19195,worth,,county
939,19197,wright,,county
940,20001,allen,,county
941,20003,anderson,,county
942,20005,atchison,,county
943,20007,barber,,county
944,20009,barton,,county
945,20011,bourbon,,county
946,20013,brown,,county
947,20015,butler,,county
948,20017,chase,,county
949,20019,chautauqua,,county
950,20021,cherokee,,county
951,20023,cheyenne,,county
952,20025,clark,,county
953,20027,clay,,county
954,20029,cloud,,county
955,20031,coffey,,county
956,20033,comanche,,county
957,20035,cowley,,county
958,20037,crawford,,county
959,20039,decatur,,county
960,20041,dickinson,,county
961,20043,doniphan,,county
962,20045,douglas,,county
963,20047,edwards,,county
964,20049,elk,,county
965,20051,ellis,,county
966,20053,ellsworth,,county
967,20055,finney,,county
968,20057,ford,,county
969,20059,franklin,,county
970,20061,geary,,county
971,20063,gove,,county
972,20065,graham,,county
973,20067,grant,,county
974,20069,gray,,county
975,20071,greeley,,county
976,20073,greenwood,,county
977,20075,hamilton,,county
978,20077,harper,,county
979,20079,harvey,,county
980,20081,haskell,,county
981,20083,hodgeman,,county
982,20085,jackson,,county
983,20087,jefferson,,county
984,20089,jewell,,county
985,20091,johnson,,county
986,20093,kearny,,county
987,20095,kingman,,county
988,20097,kiowa,,county
989,20099,labette,,county
990,20101,lane,,county
991,20103,leavenworth,,county
992,20105,lincoln,,county
993,20107,linn,,county
994,20109,logan,,county
995,20111,lyon,,county
996,20113,mcpherson,,county
997,20115,marion,,county
998,20117,marshall,,county
999,20119,meade,,county
1000,20121,miami,,county
1001,20123,mitchell,,county
1002,20125,montgomery,,county
1003,20127,morris,,county
1004,20129,morton,,county
1005,20131,nemaha,,county
1006,20133,neosho,,county
1007,20135,ness,,county
1008,20137,norton,,county
1009,20139,osage,,county
1010,20141,osborne,,county
1011,20143,ottawa,,county
1012,20145,pawnee,,county
1013,20147,phillips,,county
1014,20149,pottawatomie,,county
1015,20151,pratt,,county
1016,20153,rawlins,,county
1017,20155,reno,,county
1018,20157,republic,,county
1019,20159,rice,,county
1020,20161,riley,,county
1021,20163,rooks,,county
1022,20165,rush,,county
1023,20167,russell,,county
1024,20169,saline,,county
1025,20171,scott,,county
1026,20173,sedgwick,,county
1027,20175,seward,,county
1028,20177,shawnee,,county
1029,20179,sheridan,,county
1030,20181,sherman,,county
1031,20183,smith,,county
1032,20185,stafford,,county
1033,20187,stanton,,county
1034,20189,stevens,,county
1035,20191,sumner,,county
1036,20193,thomas,,county
1037,20195,trego,,county
1038,20197,wabaunsee,,county
1039,20199,wallace,,county
1040,20201,washington,,county
1041,20203,wichita,,county
1042,20205,wilson,,county
1043,20207,woodson,,county
1044,20209,wyandotte,,county
1045,21001,adair,,county
1046,21003,allen,,county
1047,21005,anderson,,county
1048,21007,ballard,,county
1049,21009,barren,,county
1050,21011,bath,,county
1051,21013,bell,,county
1052,21015,boone,,county
1053,21017,bourbon,,county
1054,21019,boyd,,county
1055,21021,boyle,,county
1056,21023,bracken,,county
1057,21025,breathitt,,county
1058,21027,breckinridge,,county
1059,21029,bullitt,,county
1060,21031,butler,,county
1061,21033,caldwell,,county
1062,21035,calloway,,county
1063,21037,campbell,,county
1064,21039,carlisle,,county
1065,21041,carroll,,county
1066,21043,carter,,county
1067,21045,casey,,county
1068,21047,christian,,county
1069,21049,clark,,county
1070,21051,clay,,county
1071,21053,clinton,,county
1072,21055,crittenden,,county
1073,21057,cumberland,,county
1074,21059,daviess,,county
1075,21061,edmonson,,county
1076,21063,elliott,,county
1077,21065,estill,,county
1078,21067,fayette,,county
1079,21069,fleming,,county
1080,21071,floyd,,county
1081,21073,franklin,,county
1082,21075,fulton,,county
1083,21077,gallatin,,county
1084,21079,garrard,,county
1085,21081,grant,,county
1086,21083,graves,,county
1087,21085,grayson,,county
1088,21087,green,,county
1089,21089,greenup,,county
1090,21091,hancock,,county
1091,21093,hardin,,county
1092,21095,harlan,,county
1093,21097,harrison,,county
1094,21099,hart,,county
1095,21101,henderson,,county
1096,21103,henry,,county
1097,21105,hickman,,county
1098,21107,hopkins,,county
1099,21109,jackson,,county
1100,21111,jefferson,,county
1101,21113,jessamine,,county
1102,21115,johnson,,county
1103,21117,kenton,,county
1104,21119,knott,,county
1105,21121,knox,,county
1106,21123,larue,,county
1107,21125,laurel,,county
1108,21127,lawrence,,county
1109,21129,lee,,county
1110,21131,leslie,,county
1111,21133,letcher,,county
1112,21135,lewis,,county
1113,21137,lincoln,,county
1114,21139,livingston,,county
1115,21141,logan,,county
1116,21143,lyon,,county
1117,21145,mccracken,,county
1118,21147,mccreary,,county
1119,21149,mclean,,county
1120,21151,madison,,county
1121,21153,magoffin,,county
1122,21155,marion,,county
1123,21157,marshall,,county
1124,21159,martin,,county
1125,21161,mason,,county
1126,21163,meade,,county
1127,21165,menifee,,county
1128,21167,mercer,,county
1129,21169,metcalfe,,county
1130,21171,monroe,,county
1131,21173,montgomery,,county
1132,21175,morgan,,county
1133,21177,muhlenberg,,county
1134,21179,nelson,,county
1135,21181,nicholas,,county
1136,21183,ohio,,county
1137,21185,oldham,,county
1138,21187,owen,,county
1139,21189,owsley,,county
1140,21191,pendleton,,county
1141,21193,perry,,county
1142,21195,pike,,county
1143,21197,powell,,county
1144,21199,pulaski,,county
1145,21201,robertson,,county
1146,21203,rockcastle,,county
1147,21205,rowan,,county
1148,21207,russell,,county
1149,21209,scott,,county
1150,21211,shelby,,county
1151,21213,simpson,,county
1152,21215,spencer,,county
1153,21217,taylor,,county
1154,21219,todd,,county
1155,21221,trigg,,county
1156,21223,trimble,,county
1157,21225,union,,county
1158,21227,warren,,county
1159,21229,washington,,county
1160,21231,wayne,,county
1161,21233,webster,,county
1162,21235,whitley,,county
1163,21237,wolfe,,county
1164,21239,woodford,,county
1165,22001,acadia,,county
1166,22003,allen,,county
1167,22005,ascension,,county
1168,22007,assumption,,county
1169,22009,avoyelles,,county
1170,22011,beauregard,,county
1171,22013,bienville,,county
1172,22015,bossier,,county
1173,22017,caddo,,county
1174,22019,calcasieu,,county
1175,22021,caldwell,,county
1176,22023,cameron,,county
1177,22025,catahoula,,county
1178,22027,claiborne,,county
1179,22029,concordia,,county
1180,22031,de soto,,county
1181,22033,east baton rouge,,county
1182,22035,east carroll,,county
1183,22037,east feliciana,,county
1184,22039,evangeline,,county
1185,22041,franklin,,county
1186,22043,grant,,county
1187,22045,iberia,,county
1188,22047,iberville,,county
1189,22049,jackson,,county
1190,22051,jefferson,,county
1191,22053,jefferson davis,,county
1192,22055,lafayette,,county
1193,22057,lafourche,,county
1194,22059,la salle,,county
1195,22061,lincoln,,county
1196,22063,livingston,,county
1197,22065,madison,,county
1198,22067,morehouse,,county
1199,22069,natchitoches,,county
1200,22071,orleans,,county
1201,22073,ouachita,,county
1202,22075,plaquemines,,county
1203,22077,pointe coupee,,county
1204,22079,rapides,,county
1205,22081,red river,,county
1206,22083,richland,,county
1207,22085,sabine,,county
1208,22087,st bernard,,county
1209,22089,st charles,,county
1210,22091,st helena,,county
1211,22093,st james,,county
1212,22095,st john the baptist,,county
1213,22097,st landry,,county
1214,22099,st martin,,county
1215,22101,st mary,,county
1216,22103,st tammany,,county
1217,22105,tangipahoa,,county
1218,22107,tensas,,county
1219,22109,terrebonne,,county
1220,22111,union,,county
1221,22113,vermilion,,county
1222,22115,vernon,,county
1223,22117,washington,,county
1224,22119,webster,,county
1225,22121,west baton rouge,,county
1226,22123,west carroll,,county
1227,22125,west feliciana,,county
1228,22127,winn,,county
1229,23001,androscoggin,,county
1230,23003,aroostook,,county
1231,23005,cumberland,,county
1232,23007,franklin,,county
1233,23009,hancock,,county
1234,23011,kennebec,,county
1235,23013,knox,,county
1236,23015,lincoln,,county
1237,23017,oxford,,county
1238,23019,penobscot,,county
1239,23021,piscataquis,,county
1240,23023,sagadahoc,,county
1241,23025,somerset,,county
1242,23027,waldo,,county
1243,23029,washington,,county
1244,23031,york,,county
1245,24001,allegany,,county
1246,24003,anne arundel,,county
1247,24005,baltimore,,county
1248,24009,calvert,,county
1249,24011,caroline,,county
1250,24013,carroll,,county
1251,24015,cecil,,county
1252,24017,charles,,county
1253,24019,dorchester,,county
1254,24021,frederick,,county
1255,24023,garrett,,county
1256,24025,harford,,county
1257,24027,howard,,county
1258,24029,kent,,county
1259,24031,montgomery,,county
1260,24033,prince georges,,county
1261,24035,queen annes,,county
1262,24037,st marys,,county
1263,24039,somerset,,county
1264,24041,talbot,,county
1265,24043,washington,,county
1266,24045,wicomico,,county
1267,24047,worcester,,county
1268,24510,baltimore city,,county
1269,25001,barnstable,,county
1270,25003,berkshire,,county
1271,25005,bristol,,county
1272,25007,dukes,,county
1273,25009,essex,,county
1274,25011,franklin,,county
1275,25013,hampden,,county
1276,25015,hampshire,,county
1277,25017,middlesex,,county
1278,25019,nantucket,,county
1279,25021,norfolk,,county
1280,25023,plymouth,,county
1281,25025,suffolk,,county
1282,25027,worcester,,county
1283,26001,alcona,,county
1284,26003,alger,,county
1285,26005,allegan,,county
1286,26007,alpena,,county
1287,26009,antrim,,county
1288,26011,arenac,,county
1289,26013,baraga,,county
1290,26015,barry,,county
1291,26017,bay,,county
1292,26019,benzie,,county
1293,26021,berrien,,county
1294,26023,branch,,county
1295,26025,calhoun,,county
1296,26027,cass,,county
1297,26029,charlevoix,,county
1298,26031,cheboygan,,county
1299,26033,chippewa,,county
1300,26035,clare,,county
1301,26037,clinton,,county
1302,26039,crawford,,county
1303,26041,delta,,county
1304,26043,dickinson,,county
1305,26045,eaton,,county
1306,26047,emmet,,county
1307,26049,genesee,,county
1308,26051,gladwin,,county
1309,26053,gogebic,,county
1310,26055,grand traverse,,county
1311,26057,gratiot,,county
1312,26059,hillsdale,,county
1313,26061,houghton,,county
1314,26063,huron,,county
1315,26065,ingham,,county
1316,26067,ionia,,county
1317,26069,iosco,,county
1318,26071,iron,,county
1319,26073,isabella,,county
1320,26075,jackson,,county
1321,26077,kalamazoo,,county
1322,26079,kalkaska,,county
1323,26081,kent,,county
1324,26083,keweenaw,,county
1325,26085,lake,,county
1326,26087,lapeer,,county
1327,26089,leelanau,,county
1328,26091,lenawee,,county
1329,26093,livingston,,county
1330,26095,luce,,county
1331,26097,mackinac,,county
1332,26099,macomb,,county
1333,26101,manistee,,county
1334,26103,marquette,,county
1335,26105,mason,,county
1336,26107,mecosta,,county
1337,26109,menominee,,county
1338,26111,midland,,county
1339,26113,missaukee,,county
1340,26115,monroe,,county
1341,26117,montcalm,,county
1342,26119,montmorency,,county
1343,26121,muskegon,,county
1344,26123,newaygo,,county
1345,26125,oakland,,county
1346,26127,oceana,,county
1347,26129,ogemaw,,county
1348,26131,ontonagon,,county
1349,26133,osceola,,county
1350,26135,oscoda,,county
1351,26137,otsego,,county
1352,26139,ottawa,,county
1353,26141,presque isle,,county
1354,26143,roscommon,,county
1355,26145,saginaw,,county
1356,26147,st clair,,county
1357,26149,st joseph,,county
1358,26151,sanilac,,county
1359,26153,schoolcraft,,county
1360,26155,shiawassee,,county
1361,26157,tuscola,,county
1362,26159,van buren,,county
1363,26161,washtenaw,,county
1364,26163,wayne,,county
1365,26165,wexford,,county
1366,27001,aitkin,,county
1367,27003,anoka,,county
1368,27005,becker,,county
1369,27007,beltrami,,county
1370,27009,benton,,county
1371,27011,big stone,,county
1372,27013,blue earth,,county
1373,27015,brown,,county
1374,27017,carlton,,county
1375,27019,carver,,county
1376,27021,cass,,county
1377,27023,chippewa,,county
1378,27025,chisago,,county
1379,27027,clay,,county
1380,27029,clearwater,,county
1381,27031,cook,,county
1382,27033,cottonwood,,county
1383,27035,crow wing,,county
1384,27037,dakota,,county
1385,27039,dodge,,county
1386,27041,douglas,,county
1387,27043,faribault,,county
1388,27045,fillmore,,county
1389,27047,freeborn,,county
1390,27049,goodhue,,county
1391,27051,grant,,county
1392,27053,hennepin,,county
1393,27055,houston,,county
1394,27057,hubbard,,county
1395,27059,isanti,,county
1396,27061,itasca,,county
1397,27063,jackson,,county
1398,27065,kanabec,,county
1399,27067,kandiyohi,,county
1400,27069,kittson,,county
1401,27071,koochiching,,county
1402,27073,lac qui parle,,county
1403,27075,lake,,county
1404,27077,lake of the woods,,county
1405,27079,le sueur,,county
1406,27081,lincoln,,county
1407,27083,lyon,,county
1408,27085,mcleod,,county
1409,27087,mahnomen,,county
1410,27089,marshall,,county
1411,27091,martin,,county
1412,27093,meeker,,county
1413,27095,mille lacs,,county
1414,27097,morrison,,county
1415,27099,mower,,county
1416,27101,murray,,county
1417,27103,nicollet,,county
1418,27105,nobles,,county
1419,27107,norman,,county
1420,27109,olmsted,,county
1421,27111,otter tail,,county
1422,27113,pennington,,county
1423,27115,pine,,county
1424,27117,pipestone,,county
1425,27119,polk,,county
1426,27121,pope,,county
1427,27123,ramsey,,county
1428,27125,red lake,,county
1429,27127,redwood,,county
1430,27129,renville,,county
1431,27131,rice,,county
1432,27133,rock,,county
1433,27135,roseau,,county
1434,27137,st louis,,county
1435,27139,scott,,county
1436,27141,sherburne,,county
1437,27143,sibley,,county
1438,27145,stearns,,county
1439,27147,steele,,county
1440,27149,stevens,,county
1441,27151,swift,,county
1442,27153,todd,,county
1443,27155,traverse,,county
1444,27157,wabasha,,county
1445,27159,wadena,,county
1446,27161,waseca,,county
1447,27163,washington,,county
1448,27165,watonwan,,county
1449,27167,wilkin,,county
1450,27169,winona,,county
1451,27171,wright,,county
1452,27173,yellow medicine,,county
1453,28001,adams,,county
1454,28003,alcorn,,county
1455,28005,amite,,county
1456,28007,attala,,county
1457,28009,benton,,county
1458,28011,bolivar,,county
1459,28013,calhoun,,county
1460,28015,carroll,,county
1461,28017,chickasaw,,county
1462,28019,choctaw,,county
1463,28021,claiborne,,county
1464,28023,clarke,,county
1465,28025,clay,,county
1466,28027,coahoma,,county
1467,28029,copiah,,county
1468,28031,covington,,county
1469,28033,de soto,,county
1470,28035,forrest,,county
1471,28037,franklin,,county
1472,28039,george,,county
1473,28041,greene,,county
1474,28043,grenada,,county
1475,28045,hancock,,county
1476,28047,harrison,,county
1477,28049,hinds,,county
1478,28051,holmes,,county
1479,28053,humphreys,,county
1480,28055,issaquena,,county
1481,28057,itawamba,,county
1482,28059,jackson,,county
1483,28061,jasper,,county
1484,28063,jefferson,,county
1485,28065,jefferson davis,,county
1486,28067,jones,,county
1487,28069,kemper,,county
1488,28071,lafayette,,county
1489,28073,lamar,,county
1490,28075,lauderdale,,county
1491,28077,lawrence,,county
1492,28079,leake,,county
1493,28081,lee,,county
1494,28083,leflore,,county
1495,28085,lincoln,,county
1496,28087,lowndes,,county
1497,28089,madison,,county
1498,28091,marion,,county
1499,28093,marshall,,county
1500,28095,monroe,,county
1501,28097,montgomery,,county
1502,28099,neshoba,,county
1503,28101,newton,,county
1504,28103,noxubee,,county
1505,28105,oktibbeha,,county
1506,28107,panola,,county
1507,28109,pearl river,,county
1508,28111,perry,,county
1509,28113,pike,,county
1510,28115,pontotoc,,county
1511,28117,prentiss,,county
1512,28119,quitman,,county
1513,28121,rankin,,county
1514,28123,scott,,county
1515,28125,sharkey,,county
1516,28127,simpson,,county
1517,28129,smith,,county
1518,28131,stone,,county
1519,28133,sunflower,,county
1520,28135,tallahatchie,,county
1521,28137,tate,,county
1522,28139,tippah,,county
1523,28141,tishomingo,,county
1524,28143,tunica,,county
1525,28145,union,,county
1526,28147,walthall,,county
1527,28149,warren,,county
1528,28151,washington,,county
1529,28153,wayne,,county
1530,28155,webster,,county
1531,28157,wilkinson,,county
1532,28159,winston,,county
1533,28161,yalobusha,,county
1534,28163,yazoo,,county
1535,29001,adair,,county
1536,29003,andrew,,county
1537,29005,atchison,,county
1538,29007,audrain,,county
1539,29009,barry,,county
1540,29011,barton,,county
1541,29013,bates,,county
1542,29015,benton,,county
1543,29017,bollinger,,county
1544,29019,boone,,county
1545,29021,buchanan,,county
1546,29023,butler,,county
1547,29025,caldwell,,county
1548,29027,callaway,,county
1549,29029,camden,,county
1550,29031,cape girardeau,,county
1551,29033,carroll,,county
1552,29035,carter,,county
1553,29037,cass,,county
1554,29039,cedar,,county
1555,29041,chariton,,county
1556,29043,christian,,county
1557,29045,clark,,county
1558,29047,clay,,county
1559,29049,clinton,,county
1560,29051,cole,,county
1561,29053,cooper,,county
1562,29055,crawford,,county
1563,29057,dade,,county
1564,29059,dallas,,county
1565,29061,daviess,,county
1566,29063,de kalb,,county
1567,29065,dent,,county
1568,29067,douglas,,county
1569,29069,dunklin,,county
1570,29071,franklin,,county
1571,29073,gasconade,,county
1572,29075,gentry,,county
1573,29077,greene,,county
1574,29079,grundy,,county
1575,29081,harrison,,county
1576,29083,henry,,county
1577,29085,hickory,,county
1578,29087,holt,,county
1579,29089,howard,,county
1580,29091,howell,,county
1581,29093,iron,,county
1582,29095,jackson,,county
1583,29097,jasper,,county
1584,29099,jefferson,,county
1585,29101,johnson,,county
1586,29103,knox,,county
1587,29105,laclede,,county
1588,29107,lafayette,,county
1589,29109,lawrence,,county
1590,29111,lewis,,county
1591,29113,lincoln,,county
1592,29115,linn,,county
1593,29117,livingston,,county
1594,29119,mcdonald,,county
1595,29121,macon,,county
1596,29123,madison,,county
1597,29125,maries,,county
1598,29127,marion,,county
1599,29129,mercer,,county
1600,29131,miller,,county
1601,29133,mississippi,,county
1602,29135,moniteau,,county
1603,29137,monroe,,county
1604,29139,montgomery,,county
1605,29141,morgan,,county
1606,29143,new madrid,,county
1607,29145,newton,,county
1608,29147,nodaway,,county
1609,29149,oregon,,county
1610,29151,osage,,county
1611,29153,ozark,,county
1612,29155,pemiscot,,county
1613,29157,perry,,county
1614,29159,pettis,,county
1615,29161,phelps,,county
1616,29163,pike,,county
1617,29165,platte,,county
1618,29167,polk,,county
1619,29169,pulaski,,county
1620,29171,putnam,,county
1621,29173,ralls,,county
1622,29175,randolph,,county
1623,29177,ray,,county
1624,29179,reynolds,,county
1625,29181,ripley,,county
1626,29183,st charles,,county
1627,29185,st clair,,county
1628,29186,ste. genevieve,,county
1629,29187,st francois,,county
1630,29189,st louis,,county
1631,29195,saline,,county
1632,29197,schuyler,,county
1633,29199,scotland,,county
1634,29201,scott,,county
1635,29203,shannon,,county
1636,29205,shelby,,county
1637,29207,stoddard,,county
1638,29209,stone,,county
1639,29211,sullivan,,county
1640,29213,taney,,county
1641,29215,texas,,county
1642,29217,vernon,,county
1643,29219,warren,,county
1644,29221,washington,,county
1645,29223,wayne,,county
1646,29225,webster,,county
1647,29227,worth,,county
1648,29229,wright,,county
1649,29510,st louis city,,county
1650,30001,beaverhead,,county
1651,30003,big horn,,county
1652,30005,blaine,,county
1653,30007,broadwater,,county
1654,30009,carbon,,county
1655,30011,carter,,county
1656,30013,cascade,,county
1657,30015,chouteau,,county
1658,30017,custer,,county
1659,30019,daniels,,county
1660,30021,dawson,,county
1661,30023,deer lodge,,county
1662,30025,fallon,,county
1663,30027,fergus,,county
1664,30029,flathead,,county
1665,30031,gallatin,,county
1666,30033,garfield,,county
1667,30035,glacier,,county
1668,30037,golden valley,,county
1669,30039,granite,,county
1670,30041,hill,,county
1671,30043,jefferson,,county
1672,30045,judith basin,,county
1673,30047,lake,,county
1674,30049,lewis and clark,,county
1675,30051,liberty,,county
1676,30053,lincoln,,county
1677,30055,mccone,,county
1678,30057,madison,,county
1679,30059,meagher,,county
1680,30061,mineral,,county
1681,30063,missoula,,county
1682,30065,musselshell,,county
1683,30067,park,,county
1684,30069,petroleum,,county
1685,30071,phillips,,county
1686,30073,pondera,,county
1687,30075,powder river,,county
1688,30077,powell,,county
1689,30079,prairie,,county
1690,30081,ravalli,,county
1691,30083,richland,,county
1692,30085,roosevelt,,county
1693,30087,rosebud,,county
1694,30089,sanders,,county
1695,30091,sheridan,,county
1696,30093,silver bow,,county
1697,30095,stillwater,,county
1698,30097,sweet grass,,county
1699,30099,teton,,county
1700,30101,toole,,county
1701,30103,treasure,,county
1702,30105,valley,,county
1703,30107,wheatland,,county
1704,30109,wibaux,,county
1705,30111,yellowstone,,county
1706,30113,yellowstone nat park,,county
1707,31001,adams,,county
1708,31003,antelope,,county
1709,31005,arthur,,county
1710,31007,banner,,county
1711,31009,blaine,,county
1712,31011,boone,,county
1713,31013,box butte,,county
1714,31015,boyd,,county
1715,31017,brown,,county
1716,31019,buffalo,,county
1717,31021,burt,,county
1718,31023,butler,,county
1719,31025,cass,,county
1720,31027,cedar,,county
1721,31029,chase,,county
1722,31031,cherry,,county
1723,31033,cheyenne,,county
1724,31035,clay,,county
1725,31037,colfax,,county
1726,31039,cuming,,county
1727,31041,custer,,county
1728,31043,dakota,,county
1729,31045,dawes,,county
1730,31047,dawson,,county
1731,31049,deuel,,county
1732,31051,dixon,,county
1733,31053,dodge,,county
1734,31055,douglas,,county
1735,31057,dundy,,county
1736,31059,fillmore,,county
1737,31061,franklin,,county
1738,31063,frontier,,county
1739,31065,furnas,,county
1740,31067,gage,,county
1741,31069,garden,,county
1742,31071,garfield,,county
1743,31073,gosper,,county
1744,31075,grant,,county
1745,31077,greeley,,county
1746,31079,hall,,county
1747,31081,hamilton,,county
1748,31083,harlan,,county
1749,31085,hayes,,county
1750,31087,hitchcock,,county
1751,31089,holt,,county
1752,31091,hooker,,county
1753,31093,howard,,county
1754,31095,jefferson,,county
1755,31097,johnson,,county
1756,31099,kearney,,county
1757,31101,keith,,county
1758,31103,keya paha,,county
1759,31105,kimball,,county
1760,31107,knox,,county
1761,31109,lancaster,,county
1762,31111,lincoln,,county
1763,31113,logan,,county
1764,31115,loup,,county
1765,31117,mcpherson,,county
1766,31119,madison,,county
1767,31121,merrick,,county
1768,31123,morrill,,county
1769,31125,nance,,county
1770,31127,nemaha,,county
1771,31129,nuckolls,,county
1772,31131,otoe,,county
1773,31133,pawnee,,county
1774,31135,perkins,,county
1775,31137,phelps,,county
1776,31139,pierce,,county
1777,31141,platte,,county
1778,31143,polk,,county
1779,31145,red willow,,county
1780,31147,richardson,,county
1781,31149,rock,,county
1782,31151,saline,,county
1783,31153,sarpy,,county
1784,31155,saunders,,county
1785,31157,scotts bluff,,county
1786,31159,seward,,county
1787,31161,sheridan,,county
1788,31163,sherman,,county
1789,31165,sioux,,county
1790,31167,stanton,,county
1791,31169,thayer,,county
1792,31171,thomas,,county
1793,31173,thurston,,county
1794,31175,valley,,county
1795,31177,washington,,county
1796,31179,wayne,,county
1797,31181,webster,,county
1798,31183,wheeler,,county
1799,31185,york,,county
1800,32001,churchill,,county
1801,32003,clark,,county
1802,32005,douglas,,county
1803,32007,elko,,county
1804,32009,esmeralda,,county
1805,32011,eureka,,county
1806,32013,humboldt,,county
1807,32015,lander,,county
1808,32017,lincoln,,county
1809,32019,lyon,,county
1810,32021,mineral,,county
1811,32023,nye,,county
1812,32027,pershing,,county
1813,32029,storey,,county
1814,32031,washoe,,county
1815,32033,white pine,,county
1816,32510,carson city,,county
1817,33001,belknap,,county
1818,33003,carroll,,county
1819,33005,cheshire,,county
1820,33007,coos,,county
1821,33009,grafton,,county
1822,33011,hillsborough,,county
1823,33013,merrimack,,county
1824,33015,rockingham,,county
1825,33017,strafford,,county
1826,33019,sullivan,,county
1827,34001,atlantic,,county
1828,34003,bergen,,county
1829,34005,burlington,,county
1830,34007,camden,,county
1831,34009,cape may,,county
1832,34011,cumberland,,county
1833,34013,essex,,county
1834,34015,gloucester,,county
1835,34017,hudson,,county
1836,34019,hunterdon,,county
1837,34021,mercer,,county
1838,34023,middlesex,,county
1839,34025,monmouth,,county
1840,34027,morris,,county
1841,34029,ocean,,county
1842,34031,passaic,,county
1843,34033,salem,,county
1844,34035,somerset,,county
1845,34037,sussex,,county
1846,34039,union,,county
1847,34041,warren,,county
1848,35001,bernalillo,,county
1849,35003,catron,,county
1850,35005,chaves,,county
1851,35006,cibola,,county
1852,35007,colfax,,county
1853,35009,curry,,county
1854,35011,de baca,,county
1855,35013,dona ana,,county
1856,35015,eddy,,county
1857,35017,grant,,county
1858,35019,guadalupe,,county
1859,35021,harding,,county
1860,35023,hidalgo,,county
1861,35025,lea,,county
1862,35027,lincoln,,county
1863,35028,los alamos,,county
1864,35029,luna,,county
1865,35031,mckinley,,county
1866,35033,mora,,county
1867,35035,otero,,county
1868,35037,quay,,county
1869,35039,rio arriba,,county
1870,35041,roosevelt,,county
1871,35043,sandoval,,county
1872,35045,san juan,,county
1873,35047,san miguel,,county
1874,35049,santa fe,,county
1875,35051,sierra,,county
1876,35053,socorro,,county
1877,35055,taos,,county
1878,35057,torrance,,county
1879,35059,union,,county
1880,35061,valencia,,county
1881,36001,albany,,county
1882,36003,allegany,,county
1883,36005,bronx,,county
1884,36007,broome,,county
1885,36009,cattaraugus,,county
1886,36011,cayuga,,county
1887,36013,chautauqua,,county
1888,36015,chemung,,county
1889,36017,chenango,,county
1890,36019,clinton,,county
1891,36021,columbia,,county
1892,36023,cortland,,county
1893,36025,delaware,,county
1894,36027,dutchess,,county
1895,36029,erie,,county
1896,36031,essex,,county
1897,36033,franklin,,county
1898,36035,fulton,,county
1899,36037,genesee,,county
1900,36039,greene,,county
1901,36041,hamilton,,county
1902,36043,herkimer,,county
1903,36045,jefferson,,county
1904,36047,kings,,county
1905,36049,lewis,,county
1906,36051,livingston,,county
1907,36053,madison,,county
1908,36055,monroe,,county
1909,36057,montgomery,,county
1910,36059,nassau,,county
1911,36061,new york,,county
1912,36063,niagara,,county
1913,36065,oneida,,county
1914,36067,onondaga,,county
1915,36069,ontario,,county
1916,36071,orange,,county
1917,36073,orleans,,county
1918,36075,oswego,,county
1919,36077,otsego,,county
1920,36079,putnam,,county
1921,36081,queens,,county
1922,36083,rensselaer,,county
1923,36085,richmond,,county
1924,36087,rockland,,county
1925,36089,st lawrence,,county
1926,36091,saratoga,,county
1927,36093,schenectady,,county
1928,36095,schoharie,,county
1929,36097,schuyler,,county
1930,36099,seneca,,county
1931,36101,steuben,,county
1932,36103,suffolk,,county
1933,36105,sullivan,,county
1934,36107,tioga,,county
1935,36109,tompkins,,county
1936,36111,ulster,,county
1937,36113,warren,,county
1938,36115,washington,,county
1939,36117,wayne,,county
1940,36119,westchester,,county
1941,36121,wyoming,,county
1942,36123,yates,,county
1943,37001,alamance,,county
1944,37003,alexander,,county
1945,37005,alleghany,,county
1946,37007,anson,,county
1947,37009,ashe,,county
1948,37011,avery,,county
1949,37013,beaufort,,county
1950,37015,bertie,,county
1951,37017,bladen,,county
1952,37019,brunswick,,county
1953,37021,buncombe,,county
1954,37023,burke,,county
1955,37025,cabarrus,,county
1956,37027,caldwell,,county
1957,37029,camden,,county
1958,37031,carteret,,county
1959,37033,caswell,,county
1960,37035,catawba,,county
1961,37037,chatham,,county
1962,37039,cherokee,,county
1963,37041,chowan,,county
1964,37043,clay,,county
1965,37045,cleveland,,county
1966,37047,columbus,,county
1967,37049,craven,,county
1968,37051,cumberland,,county
1969,37053,currituck,,county
1970,37055,dare,,county
1971,37057,davidson,,county
1972,37059,davie,,county
1973,37061,duplin,,county
1974,37063,durham,,county
1975,37065,edgecombe,,county
1976,37067,forsyth,,county
1977,37069,franklin,,county
1978,37071,gaston,,county
1979,37073,gates,,county
1980,37075,graham,,county
1981,37077,granville,,county
1982,37079,greene,,county
1983,37081,guilford,,county
1984,37083,halifax,,county
1985,37085,harnett,,county
1986,37087,haywood,,county
1987,37089,henderson,,county
1988,37091,hertford,,county
1989,37093,hoke,,county
1990,37095,hyde,,county
1991,37097,iredell,,county
1992,37099,jackson,,county
1993,37101,johnston,,county
1994,37103,jones,,county
1995,37105,lee,,county
1996,37107,lenoir,,county
1997,37109,lincoln,,county
1998,37111,mcdowell,,county
1999,37113,macon,,county
2000,37115,madison,,county
2001,37117,martin,,county
2002,37119,mecklenburg,,county
2003,37121,mitchell,,county
2004,37123,montgomery,,county
2005,37125,moore,,county
2006,37127,nash,,county
2007,37129,new hanover,,county
2008,37131,northampton,,county
2009,37133,onslow,,county
2010,37135,orange,,county
2011,37137,pamlico,,county
2012,37139,pasquotank,,county
2013,37141,pender,,county
2014,37143,perquimans,,county
2015,37145,person,,county
2016,37147,pitt,,county
2017,37149,polk,,county
2018,37151,randolph,,county
2019,37153,richmond,,county
2020,37155,robeson,,county
2021,37157,rockingham,,county
2022,37159,rowan,,county
2023,37161,rutherford,,county
2024,37163,sampson,,county
2025,37165,scotland,,county
2026,37167,stanly,,county
2027,37169,stokes,,county
2028,37171,surry,,county
2029,37173,swain,,county
2030,37175,transylvania,,county
2031,37177,tyrrell,,county
2032,37179,union,,county
2033,37181,vance,,county
2034,37183,wake,,county
2035,37185,warren,,county
2036,37187,washington,,county
2037,37189,watauga,,county
2038,37191,wayne,,county
2039,37193,wilkes,,county
2040,37195,wilson,,county
2041,37197,yadkin,,county
2042,37199,yancey,,county
2043,38001,adams,,county
2044,38003,barnes,,county
2045,38005,benson,,county
2046,38007,billings,,county
2047,38009,bottineau,,county
2048,38011,bowman,,county
2049,38013,burke,,county
2050,38015,burleigh,,county
2051,38017,cass,,county
2052,38019,cavalier,,county
2053,38021,dickey,,county
2054,38023,divide,,county
2055,38025,dunn,,county
2056,38027,eddy,,county
2057,38029,emmons,,county
2058,38031,foster,,county
2059,38033,golden valley,,county
2060,38035,grand forks,,county
2061,38037,grant,,county
2062,38039,griggs,,county
2063,38041,hettinger,,county
2064,38043,kidder,,county
2065,38045,la moure,,county
2066,38047,logan,,county
2067,38049,mchenry,,county
2068,38051,mcintosh,,county
2069,38053,mckenzie,,county
2070,38055,mclean,,county
2071,38057,mercer,,county
2072,38059,morton,,county
2073,38061,mountrail,,county
2074,38063,nelson,,county
2075,38065,oliver,,county
2076,38067,pembina,,county
2077,38069,pierce,,county
2078,38071,ramsey,,county
2079,38073,ransom,,county
2080,38075,renville,,county
2081,38077,richland,,county
2082,38079,rolette,,county
2083,38081,sargent,,county
2084,38083,sheridan,,county
2085,38085,sioux,,county
2086,38087,slope,,county
2087,38089,stark,,county
2088,38091,steele,,county
2089,38093,stutsman,,county
2090,38095,towner,,county
2091,38097,traill,,county
2092,38099,walsh,,county
2093,38101,ward,,county
2094,38103,wells,,county
2095,38105,williams,,county
2096,39001,adams,,county
2097,39003,allen,,county
2098,39005,ashland,,county
2099,39007,ashtabula,,county
2100,39009,athens,,county
2101,39011,auglaize,,county
2102,39013,belmont,,county
2103,39015,brown,,county
2104,39017,butler,,county
2105,39019,carroll,,county
2106,39021,champaign,,county
2107,39023,clark,,county
2108,39025,clermont,,county
2109,39027,clinton,,county
2110,39029,columbiana,,county
2111,39031,coshocton,,county
2112,39033,crawford,,county
2113,39035,cuyahoga,,county
2114,39037,darke,,county
2115,39039,defiance,,county
2116,39041,delaware,,county
2117,39043,erie,,county
2118,39045,fairfield,,county
2119,39047,fayette,,county
2120,39049,franklin,,county
2121,39051,fulton,,county
2122,39053,gallia,,county
2123,39055,geauga,,county
2124,39057,greene,,county
2125,39059,guernsey,,county
2126,39061,hamilton,,county
2127,39063,hancock,,county
2128,39065,hardin,,county
2129,39067,harrison,,county
2130,39069,henry,,county
2131,39071,highland,,county
2132,39073,hocking,,county
2133,39075,holmes,,county
2134,39077,huron,,county
2135,39079,jackson,,county
2136,39081,jefferson,,county
2137,39083,knox,,county
2138,39085,lake,,county
2139,39087,lawrence,,county
2140,39089,licking,,county
2141,39091,logan,,county
2142,39093,lorain,,county
2143,39095,lucas,,county
2144,39097,madison,,county
2145,39099,mahoning,,county
2146,39101,marion,,county
2147,39103,medina,,county
2148,39105,meigs,,county
2149,39107,mercer,,county
2150,39109,miami,,county
2151,39111,monroe,,county
2152,39113,montgomery,,county
2153,39115,morgan,,county
2154,39117,morrow,,county
2155,39119,muskingum,,county
2156,39121,noble,,county
2157,39123,ottawa,,county
2158,39125,paulding,,county
2159,39127,perry,,county
2160,39129,pickaway,,county
2161,39131,pike,,county
2162,39133,portage,,county
2163,39135,preble,,county
2164,39137,putnam,,county
2165,39139,richland,,county
2166,39141,ross,,county
2167,39143,sandusky,,county
2168,39145,scioto,,county
2169,39147,seneca,,county
2170,39149,shelby,,county
2171,39151,stark,,county
2172,39153,summit,,county
2173,39155,trumbull,,county
2174,39157,tuscarawas,,county
2175,39159,union,,county
2176,39161,van wert,,county
2177,39163,vinton,,county
2178,39165,warren,,county
2179,39167,washington,,county
2180,39169,wayne,,county
2181,39171,williams,,county
2182,39173,wood,,county
2183,39175,wyandot,,county
2184,40001,adair,,county
2185,40003,alfalfa,,county
2186,40005,atoka,,county
2187,40007,beaver,,county
2188,40009,beckham,,county
2189,40011,blaine,,county
2190,40013,bryan,,county
2191,40015,caddo,,county
2192,40017,canadian,,county
2193,40019,carter,,county
2194,40021,cherokee,,county
2195,40023,choctaw,,county
2196,40025,cimarron,,county
2197,40027,cleveland,,county
2198,40029,coal,,county
2199,40031,comanche,,county
2200,40033,cotton,,county
2201,40035,craig,,county
2202,40037,creek,,county
2203,40039,custer,,county
2204,40041,delaware,,county
2205,40043,dewey,,county
2206,40045,ellis,,county
2207,40047,garfield,,county
2208,40049,garvin,,county
2209,40051,grady,,county
2210,40053,grant,,county
2211,40055,greer,,county
2212,40057,harmon,,county
2213,40059,harper,,county
2214,40061,haskell,,county
2215,40063,hughes,,county
2216,40065,jackson,,county
2217,40067,jefferson,,county
2218,40069,johnston,,county
2219,40071,kay,,county
2220,40073,kingfisher,,county
2221,40075,kiowa,,county
2222,40077,latimer,,county
2223,40079,le flore,,county
2224,40081,lincoln,,county
2225,40083,logan,,county
2226,40085,love,,county
2227,40087,mcclain,,county
2228,40089,mccurtain,,county
2229,40091,mcintosh,,county
2230,40093,major,,county
2231,40095,marshall,,county
2232,40097,mayes,,county
2233,40099,murray,,county
2234,40101,muskogee,,county
2235,40103,noble,,county
2236,40105,nowata,,county
2237,40107,okfuskee,,county
2238,40109,oklahoma,,county
2239,40111,okmulgee,,county
2240,40113,osage,,county
2241,40115,ottawa,,county
2242,40117,pawnee,,county
2243,40119,payne,,county
2244,40121,pittsburg,,county
2245,40123,pontotoc,,county
2246,40125,pottawatomie,,county
2247,40127,pushmataha,,county
2248,40129,roger mills,,county
2249,40131,rogers,,county
2250,40133,seminole,,county
2251,40135,sequoyah,,county
2252,40137,stephens,,county
2253,40139,texas,,county
2254,40141,tillman,,county
2255,40143,tulsa,,county
2256,40145,wagoner,,county
2257,40147,washington,,county
2258,40149,washita,,county
2259,40151,woods,,county
2260,40153,woodward,,county
2261,41001,baker,,county
2262,41003,benton,,county
2263,41005,clackamas,,county
2264,41007,clatsop,,county
2265,41009,columbia,,county
2266,41011,coos,,county
2267,41013,crook,,county
2268,41015,curry,,county
2269,41017,deschutes,,county
2270,41019,douglas,,county
2271,41021,gilliam,,county
2272,41023,grant,,county
2273,41025,harney,,county
2274,41027,hood river,,county
2275,41029,jackson,,county
2276,41031,jefferson,,county
2277,41033,josephine,,county
2278,41035,klamath,,county
2279,41037,lake,,county
2280,41039,lane,,county
2281,41041,lincoln,,county
2282,41043,linn,,county
2283,41045,malheur,,county
2284,41047,marion,,county
2285,41049,morrow,,county
2286,41051,multnomah,,county
2287,41053,polk,,county
2288,41055,sherman,,county
2289,41057,tillamook,,county
2290,41059,umatilla,,county
2291,41061,union,,county
2292,41063,wallowa,,county
2293,41065,wasco,,county
2294,41067,washington,,county
2295,41069,wheeler,,county
2296,41071,yamhill,,county
2297,42001,adams,,county
2298,42003,allegheny,,county
2299,42005,armstrong,,county
2300,42007,beaver,,county
2301,42009,bedford,,county
2302,42011,berks,,county
2303,42013,blair,,county
2304,42015,bradford,,county
2305,42017,bucks,,county
2306,42019,butler,,county
2307,42021,cambria,,county
2308,42023,cameron,,county
2309,42025,carbon,,county
2310,42027,centre,,county
2311,42029,chester,,county
2312,42031,clarion,,county
2313,42033,clearfield,,county
2314,42035,clinton,,county
2315,42037,columbia,,county
2316,42039,crawford,,county
2317,42041,cumberland,,county
2318,42043,dauphin,,county
2319,42045,delaware,,county
2320,42047,elk,,county
2321,42049,erie,,county
2322,42051,fayette,,county
2323,42053,forest,,county
2324,42055,franklin,,county
2325,42057,fulton,,county
2326,42059,greene,,county
2327,42061,huntingdon,,county
2328,42063,indiana,,county
2329,42065,jefferson,,county
2330,42067,juniata,,county
2331,42069,lackawanna,,county
2332,42071,lancaster,,county
2333,42073,lawrence,,county
2334,42075,lebanon,,county
2335,42077,lehigh,,county
2336,42079,luzerne,,county
2337,42081,lycoming,,county
2338,42083,mckean,,county
2339,42085,mercer,,county
2340,42087,mifflin,,county
2341,42089,monroe,,county
2342,42091,montgomery,,county
2343,42093,montour,,county
2344,42095,northampton,,county
2345,42097,northumberland,,county
2346,42099,perry,,county
2347,42101,philadelphia,,county
2348,42103,pike,,county
2349,42105,potter,,county
2350,42107,schuylkill,,county
2351,42109,snyder,,county
2352,42111,somerset,,county
2353,42113,sullivan,,county
2354,42115,susquehanna,,county
2355,42117,tioga,,county
2356,42119,union,,county
2357,42121,venango,,county
2358,42123,warren,,county
2359,42125,washington,,county
2360,42127,wayne,,county
2361,42129,westmoreland,,county
2362,42131,wyoming,,county
2363,42133,york,,county
2364,44001,bristol,,county
2365,44003,kent,,county
2366,44005,newport,,county
2367,44007,providence,,county
2368,44009,washington,,county
2369,45001,abbeville,,county
2370,45003,aiken,,county
2371,45005,allendale,,county
2372,45007,anderson,,county
2373,45009,bamberg,,county
2374,45011,barnwell,,county
2375,45013,beaufort,,county
2376,45015,berkeley,,county
2377,45017,calhoun,,county
2378,45019,charleston,,county
2379,45021,cherokee,,county
2380,45023,chester,,county
2381,45025,chesterfield,,county
2382,45027,clarendon,,county
2383,45029,colleton,,county
2384,45031,darlington,,county
2385,45033,dillon,,county
2386,45035,dorchester,,county
2387,45037,edgefield,,county
2388,45039,fairfield,,county
2389,45041,florence,,county
2390,45043,georgetown,,county
2391,45045,greenville,,county
2392,45047,greenwood,,county
2393,45049,hampton,,county
2394,45051,horry,,county
2395,45053,jasper,,county
2396,45055,kershaw,,county
2397,45057,lancaster,,county
2398,45059,laurens,,county
2399,45061,lee,,county
2400,45063,lexington,,county
2401,45065,mccormick,,county
2402,45067,marion,,county
2403,45069,marlboro,,county
2404,45071,newberry,,county
2405,45073,oconee,,county
2406,45075,orangeburg,,county
2407,45077,pickens,,county
2408,45079,richland,,county
2409,45081,saluda,,county
2410,45083,spartanburg,,county
2411,45085,sumter,,county
2412,45087,union,,county
2413,45089,williamsburg,,county
2414,45091,york,,county
2415,46003,aurora,,county
2416,46005,beadle,,county
2417,46007,bennett,,county
2418,46009,bon homme,,county
2419,46011,brookings,,county
2420,46013,brown,,county
2421,46015,brule,,county
2422,46017,buffalo,,county
2423,46019,butte,,county
2424,46021,campbell,,county
2425,46023,charles mix,,county
2426,46025,clark,,county
2427,46027,clay,,county
2428,46029,codington,,county
2429,46031,corson,,county
2430,46033,custer,,county
2431,46035,davison,,county
2432,46037,day,,county
2433,46039,deuel,,county
2434,46041,dewey,,county
2435,46043,douglas,,county
2436,46045,edmunds,,county
2437,46047,fall river,,county
2438,46049,faulk,,county
2439,46051,grant,,county
2440,46053,gregory,,county
2441,46055,haakon,,county
2442,46057,hamlin,,county
2443,46059,hand,,county
2444,46061,hanson,,county
2445,46063,harding,,county
2446,46065,hughes,,county
2447,46067,hutchinson,,county
2448,46069,hyde,,county
2449,46071,jackson,,county
2450,46073,jerauld,,county
2451,46075,jones,,county
2452,46077,kingsbury,,county
2453,46079,lake,,county
2454,46081,lawrence,,county
2455,46083,lincoln,,county
2456,46085,lyman,,county
2457,46087,mccook,,county
2458,46089,mcpherson,,county
2459,46091,marshall,,county
2460,46093,meade,,county
2461,46095,mellette,,county
2462,46097,miner,,county
2463,46099,minnehaha,,county
2464,46101,moody,,county
2465,46103,pennington,,county
2466,46105,perkins,,county
2467,46107,potter,,county
2468,46109,roberts,,county
2469,46111,sanborn,,county
2470,46113,shannon,,county
2471,46115,spink,,county
2472,46117,stanley,,county
2473,46119,sully,,county
2474,46121,todd,,county
2475,46123,tripp,,county
2476,46125,turner,,county
2477,46127,union,,county
2478,46129,walworth,,county
2479,46135,yankton,,county
2480,46137,ziebach,,county
2481,47001,anderson,,county
2482,47003,bedford,,county
2483,47005,benton,,county
2484,47007,bledsoe,,county
2485,47009,blount,,county
2486,47011,bradley,,county
2487,47013,campbell,,county
2488,47015,cannon,,county
2489,47017,carroll,,county
2490,47019,carter,,county
2491,47021,cheatham,,county
2492,47023,chester,,county
2493,47025,claiborne,,county
2494,47027,clay,,county
2495,47029,cocke,,county
2496,47031,coffee,,county
2497,47033,crockett,,county
2498,47035,cumberland,,county
2499,47037,davidson,,county
2500,47039,decatur,,county
2501,47041,de kalb,,county
2502,47043,dickson,,county
2503,47045,dyer,,county
2504,47047,fayette,,county
2505,47049,fentress,,county
2506,47051,franklin,,county
2507,47053,gibson,,county
2508,47055,giles,,county
2509,47057,grainger,,county
2510,47059,greene,,county
2511,47061,grundy,,county
2512,47063,hamblen,,county
2513,47065,hamilton,,county
2514,47067,hancock,,county
2515,47069,hardeman,,county
2516,47071,hardin,,county
2517,47073,hawkins,,county
2518,47075,haywood,,county
2519,47077,henderson,,county
2520,47079,henry,,county
2521,47081,hickman,,county
2522,47083,houston,,county
2523,47085,humphreys,,county
2524,47087,jackson,,county
2525,47089,jefferson,,county
2526,47091,johnson,,county
2527,47093,knox,,county
2528,47095,lake,,county
2529,47097,lauderdale,,county
2530,47099,lawrence,,county
2531,47101,lewis,,county
2532,47103,lincoln,,county
2533,47105,loudon,,county
2534,47107,mcminn,,county
2535,47109,mcnairy,,county
2536,47111,macon,,county
2537,47113,madison,,county
2538,47115,marion,,county
2539,47117,marshall,,county
2540,47119,maury,,county
2541,47121,meigs,,county
2542,47123,monroe,,county
2543,47125,montgomery,,county
2544,47127,moore,,county
2545,47129,morgan,,county
2546,47131,obion,,county
2547,47133,overton,,county
2548,47135,perry,,county
2549,47137,pickett,,county
2550,47139,polk,,county
2551,47141,putnam,,county
2552,47143,rhea,,county
2553,47145,roane,,county
2554,47147,robertson,,county
2555,47149,rutherford,,county
2556,47151,scott,,county
2557,47153,sequatchie,,county
2558,47155,sevier,,county
2559,47157,shelby,,county
2560,47159,smith,,county
2561,47161,stewart,,county
2562,47163,sullivan,,county
2563,47165,sumner,,county
2564,47167,tipton,,county
2565,47169,trousdale,,county
2566,47171,unicoi,,county
2567,47173,union,,county
2568,47175,van buren,,county
2569,47177,warren,,county
2570,47179,washington,,county
2571,47181,wayne,,county
2572,47183,weakley,,county
2573,47185,white,,county
2574,47187,williamson,,county
2575,47189,wilson,,county
2576,48001,anderson,,county
2577,48003,andrews,,county
2578,48005,angelina,,county
2579,48007,aransas,,county
2580,48009,archer,,county
2581,48011,armstrong,,county
2582,48013,atascosa,,county
2583,48015,austin,,county
2584,48017,bailey,,county
2585,48019,bandera,,county
2586,48021,bastrop,,county
2587,48023,baylor,,county
2588,48025,bee,,county
2589,48027,bell,,county
2590,48029,bexar,,county
2591,48031,blanco,,county
2592,48033,borden,,county
2593,48035,bosque,,county
2594,48037,bowie,,county
2595,48039,brazoria,,county
2596,48041,brazos,,county
2597,48043,brewster,,county
2598,48045,briscoe,,county
2599,48047,brooks,,county
2600,48049,brown,,county
2601,48051,burleson,,county
2602,48053,burnet,,county
2603,48055,caldwell,,county
2604,48057,calhoun,,county
2605,48059,callahan,,county
2606,48061,cameron,,county
2607,48063,camp,,county
2608,48065,carson,,county
2609,48067,cass,,county
2610,48069,castro,,county
2611,48071,chambers,,county
2612,48073,cherokee,,county
2613,48075,childress,,county
2614,48077,clay,,county
2615,48079,cochran,,county
2616,48081,coke,,county
2617,48083,coleman,,county
2618,48085,collin,,county
2619,48087,collingsworth,,county
2620,48089,colorado,,county
2621,48091,comal,,county
2622,48093,comanche,,county
2623,48095,concho,,county
2624,48097,cooke,,county
2625,48099,coryell,,county
2626,48101,cottle,,county
2627,48103,crane,,county
2628,48105,crockett,,county
2629,48107,crosby,,county
2630,48109,culberson,,county
2631,48111,dallam,,county
2632,48113,dallas,,county
2633,48115,dawson,,county
2634,48117,deaf smith,,county
2635,48119,delta,,county
2636,48121,denton,,county
2637,48123,de witt,,county
2638,48125,dickens,,county
2639,48127,dimmit,,county
2640,48129,donley,,county
2641,48131,duval,,county
2642,48133,eastland,,county
2643,48135,ector,,county
2644,48137,edwards,,county
2645,48139,ellis,,county
2646,48141,el paso,,county
2647,48143,erath,,county
2648,48145,falls,,county
2649,48147,fannin,,county
2650,48149,fayette,,county
2651,48151,fisher,,county
2652,48153,floyd,,county
2653,48155,foard,,county
2654,48157,fort bend,,county
2655,48159,franklin,,county
2656,48161,freestone,,county
2657,48163,frio,,county
2658,48165,gaines,,county
2659,48167,galveston,,county
2660,48169,garza,,county
2661,48171,gillespie,,county
2662,48173,glasscock,,county
2663,48175,goliad,,county
2664,48177,gonzales,,county
2665,48179,gray,,county
2666,48181,grayson,,county
2667,48183,gregg,,county
2668,48185,grimes,,county
2669,48187,guadalupe,,county
2670,48189,hale,,county
2671,48191,hall,,county
2672,48193,hamilton,,county
2673,48195,hansford,,county
2674,48197,hardeman,,county
2675,48199,hardin,,county
2676,48201,harris,,county
2677,48203,harrison,,county
2678,48205,hartley,,county
2679,48207,haskell,,county
2680,48209,hays,,county
2681,48211,hemphill,,county
2682,48213,henderson,,county
2683,48215,hidalgo,,county
2684,48217,hill,,county
2685,48219,hockley,,county
2686,48221,hood,,county
2687,48223,hopkins,,county
2688,48225,houston,,county
2689,48227,howard,,county
2690,48229,hudspeth,,county
2691,48231,hunt,,county
2692,48233,hutchinson,,county
2693,48235,irion,,county
2694,48237,jack,,county
2695,48239,jackson,,county
2696,48241,jasper,,county
2697,48243,jeff davis,,county
2698,48245,jefferson,,county
2699,48247,jim hogg,,county
2700,48249,jim wells,,county
2701,48251,johnson,,county
2702,48253,jones,,county
2703,48255,karnes,,county
2704,48257,kaufman,,county
2705,48259,kendall,,county
2706,48261,kenedy,,county
2707,48263,kent,,county
2708,48265,kerr,,county
2709,48267,kimble,,county
2710,48269,king,,county
2711,48271,kinney,,county
2712,48273,kleberg,,county
2713,48275,knox,,county
2714,48277,lamar,,county
2715,48279,lamb,,county
2716,48281,lampasas,,county
2717,48283,la salle,,county
2718,48285,lavaca,,county
2719,48287,lee,,county
2720,48289,leon,,county
2721,48291,liberty,,county
2722,48293,limestone,,county
2723,48295,lipscomb,,county
2724,48297,live oak,,county
2725,48299,llano,,county
2726,48301,loving,,county
2727,48303,lubbock,,county
2728,48305,lynn,,county
2729,48307,mcculloch,,county
2730,48309,mclennan,,county
2731,48311,mcmullen,,county
2732,48313,madison,,county
2733,48315,marion,,county
2734,48317,martin,,county
2735,48319,mason,,county
2736,48321,matagorda,,county
2737,48323,maverick,,county
2738,48325,medina,,county
2739,48327,menard,,county
2740,48329,midland,,county
2741,48331,milam,,county
2742,48333,mills,,county
2743,48335,mitchell,,county
2744,48337,montague,,county
2745,48339,montgomery,,county
2746,48341,moore,,county
2747,48343,morris,,county
2748,48345,motley,,county
2749,48347,nacogdoches,,county
2750,48349,navarro,,county
2751,48351,newton,,county
2752,48353,nolan,,county
2753,48355,nueces,,county
2754,48357,ochiltree,,county
2755,48359,oldham,,county
2756,48361,orange,,county
2757,48363,palo pinto,,county
2758,48365,panola,,county
2759,48367,parker,,county
2760,48369,parmer,,county
2761,48371,pecos,,county
2762,48373,polk,,county
2763,48375,potter,,county
2764,48377,presidio,,county
2765,48379,rains,,county
2766,48381,randall,,county
2767,48383,reagan,,county
2768,48385,real,,county
2769,48387,red river,,county
2770,48389,reeves,,county
2771,48391,refugio,,county
2772,48393,roberts,,county
2773,48395,robertson,,county
2774,48397,rockwall,,county
2775,48399,runnels,,county
2776,48401,rusk,,county
2777,48403,sabine,,county
2778,48405,san augustine,,county
2779,48407,san jacinto,,county
2780,48409,san patricio,,county
2781,48411,san saba,,county
2782,48413,schleicher,,county
2783,48415,scurry,,county
2784,48417,shackelford,,county
2785,48419,shelby,,county
2786,48421,sherman,,county
2787,48423,smith,,county
2788,48425,somervell,,county
2789,48427,starr,,county
2790,48429,stephens,,county
2791,48431,sterling,,county
2792,48433,stonewall,,county
2793,48435,sutton,,county
2794,48437,swisher,,county
2795,48439,tarrant,,county
2796,48441,taylor,,county
2797,48443,terrell,,county
2798,48445,terry,,county
2799,48447,throckmorton,,county
2800,48449,titus,,county
2801,48451,tom green,,county
2802,48453,travis,,county
2803,48455,trinity,,county
2804,48457,tyler,,county
2805,48459,upshur,,county
2806,48461,upton,,county
2807,48463,uvalde,,county
2808,48465,val verde,,county
2809,48467,van zandt,,county
2810,48469,victoria,,county
2811,48471,walker,,county
2812,48473,waller,,county
2813,48475,ward,,county
2814,48477,washington,,county
2815,48479,webb,,county
2816,48481,wharton,,county
2817,48483,wheeler,,county
2818,48485,wichita,,county
2819,48487,wilbarger,,county
2820,48489,willacy,,county
2821,48491,williamson,,county
2822,48493,wilson,,county
2823,48495,winkler,,county
2824,48497,wise,,county
2825,48499,wood,,county
2826,48501,yoakum,,county
2827,48503,young,,county
2828,48505,zapata,,county
2829,48507,zavala,,county
2830,49001,beaver,,county
2831,49003,box elder,,county
2832,49005,cache,,county
2833,49007,carbon,,county
2834,49009,daggett,,county
2835,49011,davis,,county
2836,49013,duchesne,,county
2837,49015,emery,,county
2838,49017,garfield,,county
2839,49019,grand,,county
2840,49021,iron,,county
2841,49023,juab,,county
2842,49025,kane,,county
2843,49027,millard,,county
2844,49029,morgan,,county
2845,49031,piute,,county
2846,49033,rich,,county
2847,49035,salt lake,,county
2848,49037,san juan,,county
2849,49039,sanpete,,county
2850,49041,sevier,,county
2851,49043,summit,,county
2852,49045,tooele,,county
2853,49047,uintah,,county
2854,49049,utah,,county
2855,49051,wasatch,,county
2856,49053,washington,,county
2857,49055,wayne,,county
2858,49057,weber,,county
2859,50001,addison,,county
2860,50003,bennington,,county
2861,50005,caledonia,,county
2862,50007,chittenden,,county
2863,50009,essex,,county
2864,50011,franklin,,county
2865,50013,grand isle,,county
2866,50015,lamoille,,county
2867,50017,orange,,county
2868,50019,orleans,,county
2869,50021,rutland,,county
2870,50023,washington,,county
2871,50025,windham,,county
2872,50027,windsor,,county
2873,51001,accomack,,county
2874,51003,albemarle,,county
2875,51005,alleghany,,county
2876,51007,amelia,,county
2877,51009,amherst,,county
2878,51011,appomattox,,county
2879,51013,arlington,,county
2880,51015,augusta,,county
2881,51017,bath,,county
2882,51019,bedford,,county
2883,51021,bland,,county
2884,51023,botetourt,,county
2885,51025,brunswick,,county
2886,51027,buchanan,,county
2887,51029,buckingham,,county
2888,51031,campbell,,county
2889,51033,caroline,,county
2890,51035,carroll,,county
2891,51036,charles city,,county
2892,51037,charlotte,,county
2893,51041,chesterfield,,county
2894,51043,clarke,,county
2895,51045,craig,,county
2896,51047,culpeper,,county
2897,51049,cumberland,,county
2898,51051,dickenson,,county
2899,51053,dinwiddie,,county
2900,51057,essex,,county
2901,51059,fairfax,,county
2902,51061,fauquier,,county
2903,51063,floyd,,county
2904,51065,fluvanna,,county
2905,51067,franklin,,county
2906,51069,frederick,,county
2907,51071,giles,,county
2908,51073,gloucester,,county
2909,51075,goochland,,county
2910,51077,grayson,,county
2911,51079,greene,,county
2912,51081,greensville,,county
2913,51083,halifax,,county
2914,51085,hanover,,county
2915,51087,henrico,,county
2916,51089,henry,,county
2917,51091,highland,,county
2918,51093,isle of wight,,county
2919,51095,james city,,county
2920,51097,king and queen,,county
2921,51099,king george,,county
2922,51101,king william,,county
2923,51103,lancaster,,county
2924,51105,lee,,county
2925,51107,loudoun,,county
2926,51109,louisa,,county
2927,51111,lunenburg,,county
2928,51113,madison,,county
2929,51115,mathews,,county
2930,51117,mecklenburg,,county
2931,51119,middlesex,,county
2932,51121,montgomery,,county
2933,51125,nelson,,county
2934,51127,new kent,,county
2935,51131,northampton,,county
2936,51133,northumberland,,county
2937,51135,nottoway,,county
2938,51137,orange,,county
2939,51139,page,,county
2940,51141,patrick,,county
2941,51143,pittsylvania,,county
2942,51145,powhatan,,county
2943,51147,prince edward,,county
2944,51149,prince george,,county
2945,51153,prince william,,county
2946,51155,pulaski,,county
2947,51157,rappahannock,,county
2948,51159,richmond,,county
2949,51161,roanoke,,county
2950,51163,rockbridge,,county
2951,51165,rockingham,,county
2952,51167,russell,,county
2953,51169,scott,,county
2954,51171,shenandoah,,county
2955,51173,smyth,,county
2956,51175,southampton,,county
2957,51177,spotsylvania,,county
2958,51179,stafford,,county
2959,51181,surry,,county
2960,51183,sussex,,county
2961,51185,tazewell,,county
2962,51187,warren,,county
2963,51191,washington,,county
2964,51193,westmoreland,,county
2965,51195,wise,,county
2966,51197,wythe,,county
2967,51199,york,,county
2968,51510,alexandria city,,county
2969,51515,bedford city,,county
2970,51520,bristol city,,county
2971,51530,buena vista city,,county
2972,51540,charlottesville city,,county
2973,51550,chesapeake city,,county
2974,51560,clifton forge city,,county
2975,51570,colonial heights cit,,county
2976,51580,covington city,,county
2977,51590,danville city,,county
2978,51595,emporia city,,county
2979,51600,fairfax city,,county
2980,51610,falls church city,,county
2981,51620,franklin city,,county
2982,51630,fredericksburg city,,county
2983,51640,galax city,,county
2984,51650,hampton city,,county
2985,51660,harrisonburg city,,county
2986,51670,hopewell city,,county
2987,51678,lexington city,,county
2988,51680,lynchburg city,,county
2989,51683,manassas city,,county
2990,51685,manassas park city,,county
2991,51690,martinsville city,,county
2992,51700,newport news city,,county
2993,51710,norfolk city,,county
2994,51720,norton city,,county
2995,51730,petersburg city,,county
2996,51735,poquoson city,,county
2997,51740,portsmouth city,,county
2998,51750,radford city,,county
2999,51760,richmond city,,county
3000,51770,roanoke city,,county
3001,51775,salem city,,county
3002,51780,south boston city,,county
3003,51790,staunton city,,county
3004,51800,suffolk city,,county
3005,51810,virginia beach city,,county
3006,51820,waynesboro city,,county
3007,51830,williamsburg city,,county
3008,51840,winchester city,,county
3009,53001,adams,,county
3010,53003,asotin,,county
3011,53005,benton,,county
3012,53007,chelan,,county
3013,53009,clallam,,county
3014,53011,clark,,county
3015,53013,columbia,,county
3016,53015,cowlitz,,county
3017,53017,douglas,,county
3018,53019,ferry,,county
3019,53021,franklin,,county
3020,53023,garfield,,county
3021,53025,grant,,county
3022,53027,grays harbor,,county
3023,53029,island,,county
3024,53031,jefferson,,county
3025,53033,king,,county
3026,53035,kitsap,,county
3027,53037,kittitas,,county
3028,53039,klickitat,,county
3029,53041,lewis,,county
3030,53043,lincoln,,county
3031,53045,mason,,county
3032,53047,okanogan,,county
3033,53049,pacific,,county
3034,53051,pend oreille,,county
3035,53053,pierce,,county
3036,53055,san juan,,county
3037,53057,skagit,,county
3038,53059,skamania,,county
3039,53061,snohomish,,county
3040,53063,spokane,,county
3041,53065,stevens,,county
3042,53067,thurston,,county
3043,53069,wahkiakum,,county
3044,53071,walla walla,,county
3045,53073,whatcom,,county
3046,53075,whitman,,county
3047,53077,yakima,,county
3048,54001,barbour,,county
3049,54003,berkeley,,county
3050,54005,boone,,county
3051,54007,braxton,,county
3052,54009,brooke,,county
3053,54011,cabell,,county
3054,54013,calhoun,,county
3055,54015,clay,,county
3056,54017,doddridge,,county
3057,54019,fayette,,county
3058,54021,gilmer,,county
3059,54023,grant,,county
3060,54025,greenbrier,,county
3061,54027,hampshire,,county
3062,54029,hancock,,county
3063,54031,hardy,,county
3064,54033,harrison,,county
3065,54035,jackson,,county
3066,54037,jefferson,,county
3067,54039,kanawha,,county
3068,54041,lewis,,county
3069,54043,lincoln,,county
3070,54045,logan,,county
3071,54047,mcdowell,,county
3072,54049,marion,,county
3073,54051,marshall,,county
3074,54053,mason,,county
3075,54055,mercer,,county
3076,54057,mineral,,county
3077,54059,mingo,,county
3078,54061,monongalia,,county
3079,54063,monroe,,county
3080,54065,morgan,,county
3081,54067,nicholas,,county
3082,54069,ohio,,county
3083,54071,pendleton,,county
3084,54073,pleasants,,county
3085,54075,pocahontas,,county
3086,54077,preston,,county
3087,54079,putnam,,county
3088,54081,raleigh,,county
3089,54083,randolph,,county
3090,54085,ritchie,,county
3091,54087,roane,,county
3092,54089,summers,,county
3093,54091,taylor,,county
3094,54093,tucker,,county
3095,54095,tyler,,county
3096,54097,upshur,,county
3097,54099,wayne,,county
3098,54101,webster,,county
3099,54103,wetzel,,county
3100,54105,wirt,,county
3101,54107,wood,,county
3102,54109,wyoming,,county
3103,55001,adams,,county
3104,55003,ashland,,county
3105,55005,barron,,county
3106,55007,bayfield,,county
3107,55009,brown,,county
3108,55011,buffalo,,county
3109,55013,burnett,,county
3110,55015,calumet,,county
3111,55017,chippewa,,county
3112,55019,clark,,county
3113,55021,columbia,,county
3114,55023,crawford,,county
3115,55025,dane,,county
3116,55027,dodge,,county
3117,55029,door,,county
3118,55031,douglas,,county
3119,55033,dunn,,county
3120,55035,eau claire,,county
3121,55037,florence,,county
3122,55039,fond du lac,,county
3123,55041,forest,,county
3124,55043,grant,,county
3125,55045,green,,county
3126,55047,green lake,,county
3127,55049,iowa,,county
3128,55051,iron,,county
3129,55053,jackson,,county
3130,55055,jefferson,,county
3131,55057,juneau,,county
3132,55059,kenosha,,county
3133,55061,kewaunee,,county
3134,55063,la crosse,,county
3135,55065,lafayette,,county
3136,55067,langlade,,county
3137,55069,lincoln,,county
3138,55071,manitowoc,,county
3139,55073,marathon,,county
3140,55075,marinette,,county
3141,55077,marquette,,county
3142,55078,menominee,,county
3143,55079,milwaukee,,county
3144,55081,monroe,,county
3145,55083,oconto,,county
3146,55085,oneida,,county
3147,55087,outagamie,,county
3148,55089,ozaukee,,county
3149,55091,pepin,,county
3150,55093,pierce,,county
3151,55095,polk,,county
3152,55097,portage,,county
3153,55099,price,,county
3154,55101,racine,,county
3155,55103,richland,,county
3156,55105,rock,,county
3157,55107,rusk,,county
3158,55109,st croix,,county
3159,55111,sauk,,county
3160,55113,sawyer,,county
3161,55115,shawano,,county
3162,55117,sheboygan,,county
3163,55119,taylor,,county
3164,55121,trempealeau,,county
3165,55123,vernon,,county
3166,55125,vilas,,county
3167,55127,walworth,,county
3168,55129,washburn,,county
3169,55131,washington,,county
3170,55133,waukesha,,county
3171,55135,waupaca,,county
3172,55137,waushara,,county
3173,55139,winnebago,,county
3174,55141,wood,,county
3175,56001,albany,,county
3176,56003,big horn,,county
3177,56005,campbell,,county
3178,56007,carbon,,county
3179,56009,converse,,county
3180,56011,crook,,county
3181,56013,fremont,,county
3182,56015,goshen,,county
3183,56017,hot springs,,county
3184,56019,johnson,,county
3185,56021,laramie,,county
3186,56023,lincoln,,county
3187,56025,natrona,,county
3188,56027,niobrara,,county
3189,56029,park,,county
3190,56031,platte,,county
3191,56033,sheridan,,county
3192,56035,sublette,,county
3193,56037,sweetwater,,county
3194,56039,teton,,county
3195,56041,uinta,,county
3196,56043,washakie,,county
3197,56045,weston,,county
3198,60010,unknown,,county
3199,60020,manua,,county
3200,60020,ofu,,county
3201,60020,olosega,,county
3202,60050,tutuila,,county
3203,66010,cocos island,,county
3204,66010,guam,,county
3205,69100,rota,,county
3206,69110,saipan,,county
3207,69120,aguijan,,county
3208,69120,tinian,,county
3209,72001,adjuntas,,county
3210,72003,aguada,,county
3211,72005,aguadilla,,county
3212,72007,aguas buenas,,county
3213,72009,aibonito,,county
3214,72011,anasco,,county
3215,72013,arecibo,,county
3216,72015,arroyo,,county
3217,72017,barceloneta,,county
3218,72019,barranquitas,,county
3219,72021,bayamon,,county
3220,72023,cabo rojo,,county
3221,72025,caguas,,county
3222,72027,camuy,,county
3223,72029,canovanas,,county
3224,72031,carolina,,county
3225,72033,catano,,county
3226,72035,cayey,,county
3227,72037,ceiba,,county
3228,72041,cidra,,county
3229,72043,coamo,,county
3230,72045,comerio,,county
3231,72047,corozal,,county
3232,72049,culebra,,county
3233,72051,dorado,,county
3234,72053,fajardo,,county
3235,72054,florida,,county
3236,72055,guanica,,county
3237,72057,guayama,,county
3238,72059,guayanilla,,county
3239,72061,guaynabo,,county
3240,72063,gurabo,,county
3241,72065,hatillo,,county
3242,72067,hormigueros,,county
3243,72071,isabela,,county
3244,72073,jayuya,,county
3245,72075,juana diaz,,county
3246,72077,juncos,,county
3247,72079,lajas,,county
3248,72081,lares,,county
3249,72083,las marias,,county
3250,72085,las piedras,,county
3251,72087,loiza,,county
3252,72089,luquillo,,county
3253,72091,manati,,county
3254,72093,maricao,,county
3255,72095,maunabo,,county
3256,72097,mayaguez,,county
3257,72099,moca,,county
3258,72101,morovis,,county
3259,72103,nabuabo,,county
3260,72105,naranjito,,county
3261,72107,orocovis,,county
3262,72109,patillas,,county
3263,72111,penuelas,,county
3264,72113,ponce,,county
3265,72115,quebradillas,,county
3266,72117,rincon,,county
3267,72119,rio grande,,county
3268,72121,sabana grande,,county
3269,72123,salinas,,county
3270,72125,san german,,county
3271,72127,san juan,,county
3272,72129,san lorenzo,,county
3273,72131,san sabastian,,county
3274,72133,santa isabel,,county
3275,72135,toa alta,,county
3276,72137,toa baja,,county
3277,72139,trujillo alto,,county
3278,72141,utuado,,county
3279,72143,vega alta,,county
3280,72145,vega baja,,county
3281,72147,vieques,,county
3282,72149,villalba,,county
3283,72151,yabucoa,,county
3284,72153,yauco,,county
3285,78010,st. croix,,county
3286,78020,st. john,,county
3287,78030,st. thomas,,county
